top1_accuracy,top5_accuracy,auc_full_dataset,valid_prediction_rate,model,type
0.13062686011904762,0.9926975945017182,0.6232424262497159,0.13532366071428573,resnet50,CNN
0.2303524925595238,0.9942718029500215,0.7068020811787358,0.24354771205357142,resnet101,CNN
0.12166341145833333,0.9957319288049401,0.6155426748215206,0.12802269345238096,densenet201.tv_in1k,CNN
0.23533993675595238,0.9997081853995429,0.7093959289095391,0.23903692336309523,convnext_base.fb_in1k,CNN
0.3750581287202381,0.9998499354722531,0.8059733554957403,0.38735816592261907,convnext_large_mlp,CNN
0.17324683779761904,0.9974796432725863,0.6590001469566708,0.17989676339285715,vit_base_patch16_224,ViT
0.2552897135416667,0.9981729055258467,0.723871300775538,0.26088169642857145,vit_large_patch16_224,ViT
0.28284272693452384,0.9995936280884266,0.7443235008016467,0.28608630952380953,swin_base_patch4_window7_224,ViT
